-0.863319887476174,1.52967577762099,0.677433279573669,1.13064110146638
-0.885509182975271,1.60724092540855,0.678519707057371,0.884453960415071
-0.877073558783505,1.70036231929746,0.689251750586294,1.18448659948391
-0.843493077600663,1.42440534131581,0.662001565808669,0.664366001013586
-0.887592595868421,1.76557565829038,0.678687322203845,0.844247626301305
-1.4515541189122,1.67396947206511,0.718644018033418,0.830048630819935
-0.850124378519411,1.28061851208418,0.655508667795306,0.641333780894961
-0.852867593882543,1.353088822777,0.646408262310226,1.50519442366761
-1.42204930322463,1.36855921061705,0.683402005207534,0.857337024371112
-1.42538295209993,1.4545122391397,0.679333748188908,1.70903480063699
-1.42508332594228,1.52529703106536,0.678944416558938,0.585125592309342
-0.875956614815917,1.87708487170839,0.684706678757966,1.58213149575061
-1.46394101838429,1.62376532674694,0.695816428630909,1.20474868925714
-0.871844786493562,1.97449867257252,0.716092193829751,0.553637182421142
-1.46968610187232,1.78534107062655,0.72212344445184,0.694939059084209
-1.46585160706943,1.83480953368116,0.732552857614026,1.30093499721257
-0.439559412917997,1.38746507383463,0.740191435826915,0.464797124498167
-0.823258650655387,1.15624378851696,0.662363052660984,0.815416527947482
-0.412946146888005,1.4922776239234,0.750283428447958,0.865328682314954
-0.431799802883806,1.56233949566004,0.742519084144688,2.00067604949944
-0.420544731852655,1.619986758994,0.752953100137274,0.499831044736201
-0.406012366616785,1.70989027386645,0.773437808070121,1.18739158588921
-1.39592984414049,1.22109286798096,0.676111739707613,0.779298228441734
-1.4152397179492,1.29951617782521,0.668286559713357,1.16640244334897
-0.875827016088502,2.0695923934808,0.732727477418408,0.749310445999963
-1.48495629393047,1.88138218542618,0.729529859153446,0.76867791407152
-0.433997496700948,1.32301369079579,0.725754824426664,2.15147630502164
-0.822235228238324,1.05398368300484,0.669624177494216,0.938683602784435
-1.40809685393089,1.15856534835512,0.670959061828712,1.28320579144595
-0.396342754284092,1.78782797212762,0.770596865699873,1.70781628350385
-0.385688852304774,1.83865979003438,0.790551058004702,0.585543076066907
-0.870428379427958,2.1365370302049,0.743785371362985,1.33456033522326
-1.51068972151337,2.00959558786384,0.761943117086606,0.672299021138442
-0.419775983183801,1.22953086284526,0.723309562331623,0.615082726307064
-0.82652511569087,0.96766542504686,0.677751857893095,1.06532168776964
-1.39158397719028,1.05561102909786,0.673152570277001,0.651991737175064
-0.397757355197335,1.94908466807271,0.794951423137662,0.693889881097837
-0.401655689592946,2.00282536280569,0.815679545910629,1.52015057561293
-0.903714371631438,2.2028318418855,0.754314539570095,0.369751288508535
-0.371811794292638,1.13397346519055,0.745582858907358,1.02779730227369
-0.864312949610927,0.854972795306263,0.701388762306122,1.05668306178985
-1.37787678478618,0.968607159357967,0.677877491397555,1.53376176871931
-0.165210030461715,1.68824568625497,0.877232261936464,2.54404576322068
-1.83541334760841,1.3038801091379,0.799646327727009,0.900760639252681
-0.383964582610507,2.05005943309121,0.822353620313869,0.657829570335029
-1.85842548534867,1.3930386632008,0.809809188159132,1.43191122088496
-1.86922646666321,1.47257103986379,0.816857717063498,0.6983673187378
-1.91111198206887,1.64646403430116,0.871053984226206,0.706236203313703
-1.89922442949363,1.69688619019114,0.867952227028246,1.41595686444272
-1.54132920453916,2.11741257474545,0.776628638399253,1.71237269219702
-0.32711152401397,1.05668148174143,0.769200412735435,0.972954489944465
-0.91834826651388,0.772379454539675,0.719148672834603,0.91429120020495
-0.11658668859453,1.55647702348258,0.880992418999552,1.82277199823055
-1.31421730080502,0.86515869196498,0.687063537321173,0.657545830461911
-0.131603380307653,1.77041856489665,0.90334796316198,0.808938973962492
-0.152456958786971,1.82539157439398,0.896650566594611,1.0340859678718
-1.80776080931273,1.15559237961831,0.779822422366833,0.851587300267144
-1.83145677832149,1.23450221616558,0.779888016098954,1.11017284328682
-0.906355950418579,2.31122074800481,0.779153176642214,1.76439291032352
-1.92700566607145,1.78992023161537,0.890230343032846,1.51280228409941
-1.55873101052431,2.1973445067376,0.806521522677123,0.583985019474338
-0.906334935853429,0.706061158297159,0.739601266296934,1.04642240342549
-0.0943228221895391,1.35308459316311,0.874854166630556,0.388879170156753
-0.100949645514312,1.41902193973608,0.863229414773837,2.36885647625874
-0.0979391763081079,1.4821688630501,0.866519851746148,0.422144612821521
-1.3306454431816,0.76566502392754,0.721535378226918,0.992765429705248
-0.0690428961688592,1.64158177699086,0.918609518068149,0.393074690108574
-0.0800499275748452,1.79414198929787,0.942604895139716,1.23618719357978
-1.80440135121873,1.09553378261918,0.765979402202641,1.17427772782227
-0.121608448790605,1.91203499615259,0.934331995124264,1.17969731809748
-1.93566201594644,1.87492302554012,0.896973009467044,0.661024914168023
-0.0625615437464844,1.26507203197687,0.891063952348806,0.467780549791668
-0.952072849165531,0.648414475972343,0.754287445280017,0.93877746639354
-0.0387193339987535,1.72107094773318,0.943889079739836,0.789316133697454
-1.79569232556643,1.00636217641063,0.761673245211259,1.15961630403454
-0.103877900809747,1.95225802049428,0.941099056988598,0.847675064323042
-0.386338596923518,2.21476638552393,0.833223222474525,1.1100724970262
-0.948086274131708,2.40492043101363,0.801713264914901,0.566767183289486
-1.94748987782537,1.97687602325451,0.923342550708747,1.56900532623661
-0.0382791701144729,1.21107185158301,0.897356256577192,2.13775455273923
-0.954231579058031,0.605141653643212,0.763426706938128,1.06521517164409
-1.2837333690377,0.652794305808664,0.739426955767626,1.00041391086891
-1.76968701391123,0.904603921508117,0.758967280915573,0.642383546335209
-0.02645487486725,1.8473812945269,0.968024681176676,1.08679856500051
-0.400081054648788,2.27848273513405,0.841725839485413,0.900842064530848
-1.57653895156305,2.3257751616563,0.824330280062656,1.46847292485714
-0.00477501292155269,1.15855422089151,0.918989895386721,0.832885338762614
-0.98212288174446,0.557717185106427,0.778343791117788,1.03894094813168
-1.75734156338156,0.816131458576375,0.767828418224606,1.55670238707854
-0.00816179817947482,1.91049443046128,0.987148505736695,0.778976066887671
-1.58561886818225,2.37169684791838,0.839243867247177,0.680979528510738
-1.97381028622006,2.06224996996351,0.932540606497186,0.637346466119771
-1.25781366521935,0.554474605373666,0.764524402702596,1.0616871683792
-1.72361257507259,0.717959652640256,0.780174912170939,0.496348758307608
-0.0216096014349012,2.00659359828298,0.976085720610198,1.16158607355103
-0.94194048568463,0.494024204550822,0.785345381523657,1.01361360511062
-2.13714013398698,1.23343297754597,0.927441856172611,1.6912957565486
-2.14811413586575,1.31233696490445,0.93611586830101,0.591262643525271
-2.16941247810321,1.39211169736325,0.972165367813604,0.894790319723488
-2.18329061360805,1.45989293190521,1.00245204177979,1.11758026205405
-0.385386436167575,2.3936205610127,0.854172758987405,0.6248694516994
-2.18808556325957,1.55484572810114,1.02313371434467,0.909858458990789
-2.18453104800771,1.5811832912334,1.01951383977265,1.09907204809548
-2.19263639847205,1.64525789299994,1.05265283495142,2.23416824455722
-1.02554884953157,2.5463192707347,0.831181695594948,0.846531821319258
-1.99514719252713,2.16266161667137,0.953219044817722,3.50653747756073
0.0606205754739215,1.08175764397385,0.919139945725004,0.87245327787738
-0.935493616695477,0.448604064705062,0.808627862180452,1.01434849793587
0.138633726167388,1.37655620851956,1.02213362620662,0.980589118721343
-1.22513344899662,0.463604185991597,0.796659400184377,0.763334692096575
0.13892326975153,1.45680031005358,1.0247814663924,1.01979512204252
-1.724102849612,0.610035113033759,0.798912527272372,1.78545344570674
-2.11059405588941,1.04720228831531,0.891136310840054,1.14023167506868
-2.12874759832256,1.10474949799361,0.900734720715074,1.79521918714972
0.0247015872545031,2.03785646593631,0.989030525986591,0.860891863951973
-2.1313510164881,1.14066023221002,0.894999021902187,0.557035044610741
-2.21055558124844,1.68492757097663,1.05911442429627,0.447593865160404
-1.66539848220971,2.47159942679754,0.890425041287331,2.28067427034855
0.0820492915800219,1.02239834169973,0.931018156777165,1.14619318347102
0.158946716142779,1.28600662869073,1.02608306972425,0.352815941211689
-1.16532975157779,0.416336681717913,0.818409197045828,1.31004133619736
-1.63485438935634,0.517046138111359,0.810602595138207,0.560081811376588
0.155498124343899,1.5463450212445,1.02581089694488,0.868725660826631
0.162197048705336,1.6091396598821,1.05641022286494,0.95404947221946
0.163784837804187,1.64908117972832,1.0715285679354,1.78741347714954
-2.09267746046225,0.934010211569593,0.86850425045327,0.631075000173986
-1.88925425656904,1.67817590711401,0.586904472898459,1.68316808611916
-2.22377173468386,1.81901168194298,1.0962071510051,1.85425744034211
-2.00571118958557,2.24815329341655,0.953965787212677,0.285181609037196
0.179785287792074,1.24928766765041,1.02993485064934,2.83433905102378
-0.838992698411775,0.389942862716294,0.826328458028618,0.824522180310925
-1.54447295431921,0.434174519038534,0.838117624430036,1.1530678083583
0.18578587025552,1.66883957491328,1.08617383689338,0.559467640131448
-2.05824523008557,0.792048206903613,0.857694080798001,0.957314709652912
0.0228011288177168,2.15905982163095,0.980037498944081,0.370857026413937
-0.388355878119382,2.51439973912986,0.876624643671764,1.99374453071976
-1.09876536463434,2.65111767009925,0.8816480770315,1.62110779474765
-2.23265035639091,1.8536430295934,1.08333018303662,0.539299440435573
-1.68019660019861,2.53494374202686,0.902837849407302,0.438466822290748
0.19946107099482,1.19561744629363,1.03434830490294,0.380303232887408
-1.03585956929061,0.343930533156238,0.849049659086668,1.28082001739505
-2.04084919232502,0.687837693263364,0.865445481689833,1.18832591407151
0.202568229762977,1.74071477657534,1.10758863323928,0.88155381975222
0.200864789544046,1.77335639269959,1.11701284080112,1.13436069085501
0.20885397859972,1.09693532660181,1.02257505860795,1.00275888456877
-0.683746162938568,0.344657308355239,0.84371433542722,1.21282364972026
-0.995145743289184,0.308972646392087,0.871908420150022,0.780749821535278
-1.52704479287807,0.358305548804936,0.861244681015078,1.31133163314855
-1.99275616908547,0.577921842902336,0.863333229540931,0.841519980468781
0.219020857490244,1.80946100823098,1.13478541012707,0.498412305122141
0.037676589848934,2.24036822983873,0.976681792205104,3.25038927533233
-2.26055019366564,1.93301336512102,1.09554450852552,1.85161254419323
-2.02734055265625,2.38510955331304,0.98730779365684,0.196630391684724
-1.40283708022498,0.302172915846925,0.881155736002137,1.26206037087432
-1.94012598743261,0.46726128446644,0.889318687389715,0.853382861053768
-1.11611909771414,2.72321011768214,0.886458782931668,0.616862125541543
-2.27142107004825,1.99168147169989,1.10822096433542,0.540069791132092
0.250523645898641,1.02565841436592,1.03433497827955,1.09029262510893
-1.82775529574136,0.3688527436115,0.892059504219831,1.18567069504256
0.251277025439214,1.86417185016701,1.15185048781153,1.24492367182139
0.0573766131324907,2.31208608436814,0.974471349938188,0.307655457636765
-1.30890537252094,0.238917368407448,0.896497614749351,0.792355122685003
0.260444501703033,1.92152731268636,1.15381463928097,0.803262097616752
-2.34975508959521,1.13955248052453,1.01312411554698,0.915602931382386
-2.35650281958182,1.20051833569104,1.02842464842097,1.09217649455337
-2.36567281332285,1.26747776478536,1.05862648617344,0.751864752917747
-2.37124074805851,1.33351181233317,1.08208556681211,1.37164635327426
-2.37644938425578,1.37685061293257,1.10800176785649,0.729050893922398
-2.37626181002216,1.43550331383684,1.11551768149656,1.06075847255342
-0.381530437668131,2.67560644425033,0.899020729594666,0.903574620584028
-2.2774460606871,2.11341988646562,1.09105882743407,1.09698084286076
0.290450234806086,0.95363980947286,1.0392245547968,1.16105264481145
-1.76456153477613,0.277149393957086,0.905691836911639,1.12753763454555
-2.25845312597584,0.665986244026774,0.921991701498701,1.05665125290773
-2.28782429349817,0.761287074069088,0.917708671790336,1.09125025068304
-2.31674798418643,0.859181301748617,0.933544640839701,0.695365214997447
-2.33139198514875,0.918331837266889,0.946602412406294,1.51395464054484
-2.34429574027718,0.965003093069269,0.966446484736828,0.660521770744812
-2.35955297923803,1.05270600620191,0.988876150531103,1.1018728682953
0.0576193977748818,2.41697486162557,0.974432506484581,1.24350245301962
-2.39700993084126,1.49348115906027,1.14415438009128,0.661994740338934
-2.39832154748244,1.58887066651363,1.18434600766424,0.993121274695633
-2.39773781523921,1.64945953373104,1.20899259370577,1.00692636990027
-2.10122923438104,2.42853374033697,0.924469628379474,5.0856838123142
-1.77759615439302,2.69074159912868,0.945324881803317,0.977774428196487
0.3386504946283,1.15233955306311,1.10407559003722,0.99724870593397
0.346099681779623,1.24985288841921,1.1397465803248,0.593873017164083
-0.602810422644481,0.199404166345905,0.913961689811839,1.06315729433941
0.348857983679914,1.3349655018401,1.16283129569182,1.39307719239587
0.345792215242885,1.37533195817531,1.1520812143347,0.717835311250888
0.34605145388564,1.45868529690549,1.17339359710828,0.798343510314175
0.347088654669281,1.5159619354596,1.19872980014324,0.63698875081949
-2.22935247000304,0.539399969385869,0.906964185977735,0.77130719003516
0.283115980023703,1.99719178441109,1.14887454283007,1.27932051859385
-2.12345968780042,2.50776343325067,1.02623091154742,1.38843123124255
-2.29335217985801,2.22350658148336,1.10774898590982,0.673949808171278
0.337373014276237,0.944807061671794,1.04358414517422,0.861287388189355
0.348970169598439,1.03916465600083,1.07185832798775,0.91718496206474
-1.70785805465087,0.200613414676024,0.924097716198784,1.40215981536035
-2.1651636051213,0.38202820227483,0.923661619144597,0.98055369914993
-2.23376340650427,0.461943656852954,0.919793834823211,1.49201664760515
0.295408521260732,2.02551787732128,1.14085390399892,0.781664942808187
-2.42357593237133,1.72108674265407,1.20796223864883,0.544964489552312
-2.41875675334754,1.78215076961998,1.21890769071278,2.50015849789264
0.346858949863311,0.851171345350069,1.01462006295436,0.654103860783626
-2.14122181263918,0.301891346750464,0.938851869965029,1.02817238854594
0.376508170832401,1.57007221510697,1.20143721072589,3.42175840506796
0.0997091091584634,2.50153805713077,0.959927272432014,0.804180158689418
-0.431657269433935,2.81071397652519,0.930371509637616,0.68493778456941
-2.43194182442836,1.81348318370319,1.22082871363721,0.399974641944856
0.362484750340452,0.75946120538694,1.00754251208209,0.778793206817145
0.346720772333471,0.677028332918289,0.990246232197242,0.887012044188375
0.326735507957959,0.592429129963417,0.97999853477636,0.965136878320973
0.248368666563984,0.399677590167188,0.973262076596249,0.682450389869596
0.135587914562404,0.284335179691125,0.962454871143237,1.33006209933977
-2.08016582655697,0.222627794255096,0.942579139061443,1.24282503651401
0.391599356337764,1.59259937786637,1.20576309107238,0.292247400786363
0.389644811135947,1.64953068542008,1.22688251158033,0.857831146694641
0.312157405990336,2.12061454312505,1.11610045642036,0.754189100451697
-2.41888704482881,1.528237856253,0.881450445223739,0.416984379974137
-2.05305008069122,2.60967008998231,0.810404455711864,0.115183257921139
-1.3848012143756,2.88168769931505,0.963135180748939,1.34259526052069
-2.44082802186336,1.88863674992261,1.23151357846254,1.14790369448023
-2.32460645417185,2.34379969118882,1.10719094419098,0.934321850094947
0.242702682236495,0.301256936267709,0.987832999135046,1.06929359071855
0.206315213401712,0.266959440118819,0.985374740104156,0.935196852090001
-2.35065263551106,0.379320774194297,0.940846867728675,1.01983195909304
-2.38827073293621,0.461023980048319,0.938235309156775,0.670233808453214
0.403419546003666,1.69237688301675,1.2414417897678,2.52949125294205
0.324417290240408,2.15091596159448,1.10053684289387,1.32592740918834
0.1061831413451,2.60502269001142,0.979129406500889,1.08330572840163
-1.85412241166131,2.81669160451651,0.974551319276323,0.74482610612835
0.418938958427347,0.72554923701985,1.01982576076458,1.12738040768658
0.409616361120693,0.643315372193151,1.00501733147449,0.822184738752705
0.401425718106166,0.583398775843585,0.998717352120095,1.03612246352007
0.373464684403071,0.438421406589722,0.998519013768357,1.10454502935085
0.330554946026545,0.333336338554313,0.9904920512729,0.655076404103617
0.350240461787714,0.39505935437233,0.97083826325678,1.46530797673232
-2.36993063774542,0.306863563316354,0.947010550669794,0.972599547644167
-2.45770918937543,0.544571543770141,0.949582967787443,0.952726663736847
0.417375767292103,1.71002519613692,1.23823083803925,0.395336413532524
-2.46563599603231,0.614573190503566,0.93850707492175,0.811034113977207
-2.45983940010669,1.98081373748425,1.20186835499877,0.644433118267993
-2.37451121975698,0.21767901566427,0.942046651187165,0.804618486609258
-2.50751103581253,0.67774976440609,0.946715050611395,1.23299375792731
0.426123225462084,1.79217722825909,1.24147011308021,1.41809068768355
-2.51256607669567,0.752527339835116,0.956089578174011,0.700461357171509
-2.51740211404465,0.848383861096949,0.972774838704823,0.973602797173117
0.335210117762659,2.28408036399688,1.06867433278066,1.45854538666863
-0.474592786086812,2.9257869858959,0.974617576763352,1.63322915071574
-2.45693516447307,2.11342172491451,1.18465978417637,0.85320919171209
-2.35476451146622,2.46750487671622,1.07925527380435,0.72023732792662
0.474829494786801,0.628153951727803,1.0134820648456,1.21627166361303
0.464695615437616,0.438217705792913,0.997874067630601,0.90535014275308
0.477185926220824,0.833466133481386,1.03974863077237,1.52880919981421
0.478109153089566,1.04695088939564,1.11108317406052,1.08089890687227
0.404135344592403,0.189862529602391,0.992319885192732,1.17018403367155
-2.54628465356729,0.939857300809014,1.0071324376487,1.02711290775204
-2.54616380127513,1.02531986473251,1.02831387286235,1.49789848673631
-2.54209879810525,1.39511526044864,1.18446848452606,1.13245585363602
-2.27749357184878,2.66238035370575,1.03423695549374,2.25890573474525
0.506177724536754,0.687980813571014,1.02309918650607,1.01123745858626
0.504033011704061,0.761793401530591,1.028997078597,1.37009009980476
0.500537295618364,0.925947248568023,1.06681056123477,0.673385199103371
-2.56693624648194,1.09556096027702,1.05603318952401,0.66760198294802
-2.56433844470989,1.16503959514308,1.06746885516335,1.06803874198931
-2.56199220527638,1.28342610753523,1.12880226816547,0.963005975228471
-2.56095444774311,1.3262150724307,1.15269811838788,1.03841515600436
-2.55730392927598,1.42788118604457,1.1977442683261,0.883036629453817
-2.55537815920771,1.46385751010723,1.20425693130048,0.474196918464555
0.210715057227071,2.69954682164205,0.987528762340691,0.923100445038222
-2.48020620955512,2.21123937864461,1.18143831713069,1.00747728678803
0.513075037662559,1.15702970837998,1.14486647728541,1.06227347247111
0.508060176019955,1.26627964095801,1.18338431602705,1.68386165240389
-2.65641790079978,0.2494915853963,0.961854750385211,0.967024091829847
-2.64052173477316,0.323651652222245,0.958675299007076,0.947618696647173
-2.63038260196603,0.397941493476061,0.960805342276546,1.51191934351836
0.467903925178753,1.86277622272847,1.24182941653,0.567965241085541
-2.5691472950469,1.51710189952143,1.23809991690822,2.28599035841006
-2.56574200945469,1.57648677110236,1.25701766750166,0.498539189871601
-2.30733095109048,2.74167622647517,1.02378404271171,0.442692222441401
-2.66776261101169,0.463411341126969,0.957401890012282,0.892859789836256
-2.65664756303402,0.529941173837864,0.958900945984029,1.11999667963924
0.478012681931768,1.93128232542523,1.23591371626691,1.76067112502997
0.402193749524522,2.43239980936136,1.03311592786573,0.732075197478152
-2.57735774750223,1.63126056159098,1.26378669217566,1.49803686074693
-2.57526166899967,1.66087805560085,1.26489633081694,0.667540316398751
0.607807441124283,0.608286551103192,1.02519086335821,1.39429271945239
0.728781625339354,0.272549788064114,1.01784221505021,1.39185260943667
0.536956032869794,1.34223872510586,1.20203540277088,0.668485476720918
-2.6817977305863,0.604053823803888,0.956891064838571,0.749437062249112
0.487812919944228,2.00739672675024,1.21359165514484,0.601260541378781
-2.58579794143886,1.72618934510432,1.25842196586576,1.39697330539355
-2.58369256138327,1.75730045248083,1.27718165564203,0.715833291974241
-2.52587644829096,2.32538021169336,1.14826098897126,1.49166853035432
0.72642965772942,0.368193447868081,1.02254470404241,1.4662986526252
0.548124295203465,1.41307671539423,1.24000920837378,0.999489992361729
0.544152248560763,1.46823131829608,1.26177968550057,1.00051026787879
-2.90495331898184,0.248311143106229,0.971643050540994,1.0680517310375
-2.70471395326665,0.664323633808871,0.955602754324415,1.33433486328916
0.430813311852778,2.58474258668097,1.02280592606723,0.718135533962285
-0.0986341893530809,3.03304458146572,1.00020225431496,0.612283952660142
-2.59392982584762,1.82849983442108,1.27000755071234,1.0076120464918
-2.54068362326887,2.3873981189466,1.14872633905067,0.670390223867272
0.646945289026647,0.722206726185247,1.03601255215607,2.15706222098602
-2.72142425314828,0.738328456893914,0.963450722231766,0.680144820989828
-2.70573009882069,0.823332158511281,0.983201414508637,1.40340245772582
0.516834239382364,2.09454719287048,1.17853479517543,0.776770615690773
0.791143048632617,0.425429589649755,1.02100708579497,0.766562196645219
0.649560199183743,0.846150040366339,1.05193317897871,1.21097452990093
1.03530801093501,0.230709551899878,1.01002164758765,1.13069746128082
-3.13432641276294,0.224818882820759,0.969121686577002,0.936284236933551
0.569302573160245,1.54134129451981,1.27163350870158,1.2774629537039
-2.89261650560685,0.396275652422012,0.970183159562437,1.13995997655928
-2.72053820445184,0.890692717782889,0.990129790764186,0.712553975158685
-2.39143466760105,3.0216797380375,1.00723288174968,1.8505352972468
-2.6195314087785,1.92222482084461,1.25799461503391,0.786495727576943
-2.61531316999907,1.99526392036925,1.23929784345107,0.962729697431551
0.79651326918173,0.48655835932786,1.03044898657963,1.30452558758624
-2.89516993917261,0.462919888908953,0.967527464135391,0.877223780275414
-2.73117101677898,0.968279047495022,1.00991386029838,0.612388307615516
0.552058922100208,2.17789370950344,1.13810051900383,1.28738134502
0.529432613391902,2.70751825862096,1.02190793787189,1.56950493960928
-2.62725831442127,2.10270670802584,1.21480439793536,0.942432778338016
0.800957167431497,0.552013488509003,1.0225847939529,0.93824087488685
1.04791683105545,0.302902491391517,1.00985205272479,1.46013271611811
-3.18701795440852,0.279333275057551,0.967846231556362,1.0588813543566
0.594205220506348,1.61700129030899,1.2756633606555,0.285240494591202
-2.90259300057143,0.523512291560401,0.95894999324081,1.1117692843707
-2.73680796462208,1.06286704819229,1.04212648440686,0.809191202911328
-2.73108556816706,1.10329324246201,1.04442805164435,1.20532461858337
-2.64193824189055,2.23554511366948,1.18177053714551,0.992578208078645
0.606204817573941,1.66291463926269,1.27865586942268,1.68953384204398
0.604582893899568,1.69672002900407,1.2714133082442,0.591879236221873
-2.90573402798023,0.593395632121418,0.946655025584472,0.735223244373428
-2.74477580586972,1.1429605012548,1.06081293060343,0.82965201621395
-2.73206494970021,1.21769310673642,1.0975318319659,0.641446606474696
-2.72061111179855,1.29929951175851,1.12818467325792,0.668431738788083
0.661607328277257,2.87288255836648,1.00284161010216,0.740297400469735
1.0928871340197,0.356273910286638,0.997891632567803,1.05461581196345
0.679620628540718,1.15841242257439,1.13443981330817,0.94137717444243
0.624083113991369,2.3745065169166,1.06602751855318,0.545078046468861
-2.72983579363098,1.36076624350972,1.15334499571988,1.57403623380721
-2.72279106288319,1.40999314394698,1.18126668219758,0.635309390293541
-2.71680715386287,1.46070933984656,1.20082067008822,1.60261678639935
-2.69366384093934,2.45405174956838,1.11732122097154,1.07290483490622
-2.68491612950467,2.32471926211782,1.16515501354647,0.791450737639922
0.858191614708085,0.645457861040092,1.01855537031775,0.737332981144017
0.685004822813762,1.23900421201434,1.15765640971826,1.63465999276905
0.632539857946965,1.74744758304108,1.2704532547741,0.463480486909211
-2.94906230524941,0.654707719184301,0.937326388387316,1.36013109984331
0.66249997205144,2.46820775011389,1.03704833904058,1.46303496729037
-2.73028313900329,1.48769912078848,1.20643626411942,0.623979486853332
-2.72391225931085,1.56244430810526,1.21433137901609,0.340696349343142
1.09454139009563,0.43029977401406,0.996137577732268,0.862160281798111
0.647723315143032,1.81063718258065,1.24549718463804,2.02901938084628
-2.93565938111895,0.744045495630713,0.950154399539667,0.895965818948007
0.713733303116832,2.56532815873729,1.01833896476977,0.683510662668619
-2.73443682467922,1.61396087225289,1.23270475240667,1.30600384888053
-2.73253338481799,1.64436695371555,1.23278925906507,0.765694527513965
-3.71659612635348,0.2866159289703,0.952446550690783,0.622871641188511
-3.22564403824465,0.448200190869642,0.943106481369995,0.889758289703867
0.664540394341806,1.85822812131369,1.22558149782177,0.492848914820574
-2.93333377181158,0.825090432867232,0.947473734209938,0.978280705748981
-2.91399454371282,0.880609987220195,0.945591487556447,1.40856383383894
-2.74446645670136,1.70517035604704,1.23691451102897,1.80327327512187
-2.74348213350808,1.72728176897752,1.23593730032953,0.554547119283637
-2.74985051158964,2.12660507064687,1.13777647610904,1.061083636929
0.864616959807928,0.826078336156351,1.02455374901715,0.811185779186332
-3.20668702204321,0.511162960441548,0.915387713983956,1.12390073975352
0.684906026887523,1.94035793284395,1.18855280115567,0.96006676420105
0.88865305098095,2.75202748532544,1.00508311508894,1.51896814979638
-2.75944318538236,1.81370972612305,1.21078139443962,0.482414978518698
-2.75553711001744,1.87380895669915,1.22681019207463,2.19496401375045
-2.75553912441795,1.90318935648956,1.22236347558407,0.455588334813444
-2.91406860520671,2.70985655598595,1.04419439277063,1.01107546998403
0.735033055453511,1.38319026422269,1.17572516385422,1.44767045323061
0.730395407492936,1.42108052101132,1.17982379355948,0.690764944306494
-2.93775973810422,0.944238851347514,0.976346152858627,0.709942975942076
0.706358428821498,1.99988621807523,1.1670004330225,1.04159422790995
-4.77857876357105,2.96016054468529,0.997023516252574,1.33737947410549
-2.7779214370692,2.02461163082448,1.18841118925323,1.03871315351327
1.17810529190286,0.527227353949403,0.970554871199314,1.2206187406571
-4.5023869655446,0.338141797946245,0.944615444501731,0.802743046202345
-3.70978505965403,0.363445698040314,0.932978609807855,1.60546721647478
-3.19845775125694,0.604124654444116,0.908628221671806,1.00220680662377
-2.92317708405396,1.05288670856038,1.00289262731467,0.561374419112281
-2.90796060490055,1.10417186142111,1.01291670214469,0.840945501872512
0.736815594018043,2.09833802339174,1.12462880455906,0.87837253202015
-2.8136941269721,2.21277811970824,1.15053567950804,0.562497614621881
-2.85701930267012,2.43073228901312,1.10591143647613,0.965209879195953
0.754527037460468,1.48287058195316,1.1988116060436,1.95767970980504
0.756566794802536,1.52072269356596,1.17034483317307,0.510808788072685
-3.17162154323786,0.686406754018702,0.894073480832737,0.714309026732099
-2.92041321164652,1.13645271022227,1.02128742830111,1.18913770009272
0.773429546193936,2.1839230630699,1.08745089280464,1.5085003431617
0.791145921362865,2.25731240912371,1.05696012424948,0.662910024868856
0.918781871078437,0.964828430317029,1.01596744762169,1.24234195042224
1.16539619254221,0.628251904236012,0.940509835968132,0.881629311906575
-2.92385966054555,1.22039892740513,1.02335938311768,0.730841851891721
0.863850808979826,2.40881571324859,1.02055901207534,0.85720872728553
-4.46055781654695,0.413563433949045,0.908519810034124,1.24572863599485
-3.68289951006022,0.460426861418401,0.891802421755542,1.21049787572737
0.785160398940908,1.59811652990911,1.16825137042484,2.13664273798204
-2.9169666096558,1.30518705997799,1.06641614633705,0.732427676668866
-2.91204015985539,1.35932595085115,1.05518052546474,1.929612492921
-2.90197234474921,1.40658414390267,1.06920404388939,0.518238767456476
0.959844246344059,2.53379250755807,1.00083258641461,1.15322842939631
1.14417376040464,2.71356632450331,0.974374559201986,0.65834165129404
-4.43399648518838,2.89626605461921,0.970808761095381,0.747730931543457
0.924691299818857,1.07209561146328,1.03482047646284,0.853216031732554
0.800835858390289,1.63454878528805,1.16496244379254,0.468023962183052
0.804179016131474,1.70509040228177,1.13864094980288,0.618004512704249
-3.1887522890983,0.80762850196219,0.89658903258919,0.868235840239204
-2.90811028060353,1.4872062257895,1.08302875523193,2.05056415019885
-4.22888121220719,2.79175770392841,0.767320108516401,2.74312355030069
-3.01166738846317,2.46793944043008,1.04552593303759,1.0360440993756
0.935986221375039,1.13422178255099,1.01778780936247,1.17203611138129
-3.63842959679584,0.550275114969023,0.851826205285034,0.826106365035222
-3.16150942158584,0.913360043704225,0.887753440789269,0.618055105656096
-2.92119020847575,1.51709914351085,1.0924511542419,0.487670673411036
-3.00315303266707,2.38363470190055,1.05433918363545,1.74914285440998
1.22848688684636,0.751572373423844,0.907194183616905,0.943194649260844
0.936768174967584,1.20721312023132,1.02505036253755,1.45085454437439
-4.44123385913862,0.509546673149267,0.85435259408187,1.04779158990524
0.839962137328745,1.76669594934994,1.13368920011185,1.80930776683027
0.847298557565463,1.79910738314965,1.10885040844615,0.552697566623452
-2.92185878432231,1.67028098414088,1.11849338082515,1.18944835975411
-2.92419291905108,1.70112325003197,1.1071059964631,0.840725864052413
-2.92188559938245,1.78417884452185,1.1102632284467,2.15658406478135
-2.92278866796823,1.82481218670009,1.10794761777921,0.46369627612981
-3.57134336768882,2.76503334065896,0.958525720687444,1.38320175097043
-2.98947878954675,2.2748481177777,1.06904804109249,1.77778531678257
0.877505488386187,1.89903967196889,1.08330296418798,1.10165259038447
-3.17509827025887,1.02589963129364,0.874443830677531,0.694862353275602
-2.94558343101351,1.91322776237503,1.10535099490138,0.749683058485768
-2.95948142431023,1.9880018453041,1.08086531364569,1.33389702312312
-2.98239330020902,2.13306556726003,1.06990114870633,1.00668332212501
-3.24711434575978,2.56881006200586,0.971062899454697,1.10686010650608
0.975008597729905,1.26689083551415,1.00568611119176,0.689248969772641
-3.61540087027873,0.681284765361907,0.813567683528115,1.10239988891189
0.930903448831468,2.02865498291118,1.03053688434443,1.21569088785833
-3.17079766819846,1.1120835995259,0.870113120939454,2.58048277690563
-3.14067113487548,1.15458972203689,0.892576697063516,0.387524384564637
1.01047019870623,2.2697706638119,0.983284875146947,0.837111083196263
1.06516288215498,2.36099514280386,0.959211932498245,1.19458458987521
-3.238362503037,2.51258205163638,0.967453966667261,0.903456538113566
1.28246059511644,0.85158755365318,0.875400260652238,0.900790169538355
-4.37571260297147,0.611332708831206,0.807147018880443,0.954388267317966
0.981176928599618,1.35961689271283,0.999279867937194,1.87105669768884
0.991070084116533,2.16739509236771,1.01043870847593,1.02902340071528
-3.60660579814852,0.777973910228189,0.791384277197301,0.90711184757741
-3.15010481595062,1.25055043628173,0.914900811130173,1.47309083590729
-3.14861301068636,1.28897768044745,0.901062070035557,0.678844763421591
1.18572174843747,2.22495112335554,0.816846559493818,3.58732085716216
-4.03047798102939,2.72042351989584,0.915507534979608,0.722960334093287
1.31044918002229,0.940379226462628,0.850512520958007,1.11013644888297
1.00933011786623,1.45737033792877,0.999185363058686,0.918911835053847
-3.59290843503547,0.867203679797572,0.757206574797846,0.931210181120157
-3.14347322778668,1.38186869703975,0.916397223006394,1.28939860996745
-4.90402004725148,2.52429520118903,0.913185069795915,0.744207057169013
-4.47990414621114,2.65320257173615,0.878170249827743,0.945623126001903
-3.20104059411378,2.29853714648232,0.965553830130757,0.68207155558635
-4.29063177393128,0.736196132120192,0.756988726582396,0.361434173621451
1.03708776115282,1.53517086937358,0.971625750642061,1.90244210257153
-3.15665631336865,1.44677553102806,0.916747682630814,0.775555357567234
1.29924747727326,2.3969029429934,0.895749919654498,0.998018487558594
-3.58738879938482,2.56834879037316,0.917669580358074,0.680804461457859
-4.93355545703728,1.03294898486984,0.822552351822936,2.42582651281427
-4.93560698272368,1.08262179335414,0.796237981701251,0.412230633442896
1.06163067138569,1.56178117658083,0.964537706633147,0.525640175145567
1.06101005493961,1.63375320148715,0.957958157316903,1.93171491802647
1.24844240731691,2.26501686935226,0.885848534487905,0.278759564537831
-3.15787717005542,1.56850281921713,0.929999720086825,0.957856449718879
-3.15190086390218,1.63119120008933,0.933068422746948,1.04399777262396
-3.14454098304702,1.73302206618243,0.942278450858676,1.21688704058578
-4.54604244126389,2.56211270516638,0.85349516029003,1.05750374806082
-3.1509482770791,1.77014081146739,0.934117610963073,0.82176896182461
-3.17109821103109,1.95292577087612,0.932363775110393,0.860836247039621
-3.19244532914112,2.10354237923402,0.95188459277537,1.2018468383775
-3.49333470179346,2.44378470105827,0.882542198446698,1.36053813186324
-3.20473254626396,2.15877164763524,0.960278917683241,0.832052777498676
-4.93888308420748,1.18698307411272,0.781055256467838,1.22447931086312
-4.29240160141904,0.850306390810045,0.720106881636533,2.76675553387863
1.08608844856483,1.66125483178071,0.954026617405434,0.517674730711118
1.11039354167124,1.77866423684411,0.921044935947994,0.494450453300105
-3.59711129929254,1.00997282204745,0.752773458692031,1.53431282355139
1.14887763492403,1.93598341266354,0.895041162061173,0.931701479646957
1.18449605174171,2.02598385136129,0.878272903898693,0.90983481722282
-4.0309770945253,2.55243221012861,0.831652381362154,0.371514503423383
-4.94627632147437,1.27028395815878,0.785541348615133,0.81667365967589
-4.30834062396067,0.978522288743845,0.668321798333086,0.69535880988874
1.15316619860015,1.88657990687246,0.913546079109532,1.07330515389857
-3.56416886569822,1.13457078790488,0.736980797404805,0.750085002572483
1.16418293332148,1.47195717134096,0.936474019872149,1.08824368329242
-4.89325827629098,1.34281320482785,0.754108083032284,2.12510237164736
-3.52250660122983,1.25801544510293,0.741852367191165,0.956121775765175
-4.56822667794971,2.4058997991985,0.808304215800777,1.14672693195278
-3.55656824113399,2.28292720719813,0.823049590758452,0.723918667459695
-4.85991702040343,1.37710163566867,0.750842382777793,0.470565565848393
-4.2319279100762,1.09600904961501,0.656760516342904,1.65744125936789
-4.19383549041406,1.14412465187031,0.638068223498506,0.603339632308522
-3.54069230914412,1.3593805893282,0.729960626613874,1.04589187836425
-3.51344447321731,1.512229221432,0.720190351577629,1.24474273232973
-3.48735275515262,1.56261875195285,0.73102460332978,0.803378862175276
-4.63028589830884,2.29384632858178,0.780790037670279,0.872047191127779
-4.04192958190835,2.37809531445426,0.76549721205453,1.44275421005511
-3.49846435745604,2.09843297946543,0.796509541643439,1.09307831985589
-4.84247541119755,1.47004703174406,0.748786015698311,1.02833639901118
-4.84899239164706,1.50604142217287,0.748014094714501,0.972444426708587
-4.81935784186315,1.59747746717079,0.724064188354189,2.29386654093273
-4.65688474054817,2.15470866837947,0.746853973324644,1.10742841729091
-3.49788899797998,1.69186624753274,0.74639032723628,0.93150336854029
-3.4832445429754,1.74616163780096,0.757744186173121,1.07353342325219
-3.50034913375977,1.87631462633966,0.762402577509676,2.36536227441229
-3.50381771689713,1.91151866995112,0.766768644019222,0.422768220672863
-4.79803828748845,1.64035453335919,0.735348631296436,0.435945152935262
-4.20056423390805,1.28809761557059,0.6388384624034,1.77053805965958
-4.7458697281958,1.84029590727394,0.722739215703305,0.608382290596895
-4.68710301619158,1.97656519662617,0.72407845459844,1.08639553096012
-4.06863963083924,2.23289632928714,0.727293740378092,0.55352142704877
-4.18276891822165,1.43127459619686,0.632488644546217,0.843048680045543
-4.74540579405796,1.77627835544923,0.738193556489428,1.64370333498512
-4.12333319368551,1.57206652721574,0.621171100634901,0.87154116679495
-4.06547868111071,2.02898232583447,0.672993569154139,0.63663172987102
-4.06044780382698,2.15342499722736,0.715265074583135,1.80661479598312
-4.11672676569319,1.68044142981185,0.639735505702486,1.24373477569577
-4.10991599630512,1.77127580024075,0.64504952277836,1.35490630447184
-4.09578421086206,1.81926608565076,0.65060548311938,0.738058415330653
0.0811246619664936,0.250498744823206,0.960927343250993,0.751844594697036
0.223131344593165,0.216963568919143,0.975583908930432,0.956838848508207
0.405281930447584,0.379171761287496,0.993268045462849,0.758037589925952
-2.23926815356487,0.131501529750348,0.955875649634027,0.6062299303933
0.432590584107387,0.249027144673563,0.996868561602736,0.854566436753047
0.512814295597006,0.320411052930614,1.00264763707895,0.811297350400165
0.694321528636995,0.100171913628037,1.00503826905405,0.884121317552437
0.784043971182102,0.215895818886068,1.01213846099457,0.884409874651377
-4.51156054458727,0.0983301956406014,0.997042330042931,1.13106649522755
-3.52408303273777,0.117538174185073,0.982960601636601,1.14162776714414
