3.59745645132895,1.86544153267165,0.765937985242654,3.8992154532806
3.5928715269965,1.91915099697549,0.771972947305055,0.256461847769569
3.57977321740172,2.06098609302608,0.799713756181703,1.77339184143937
3.60802123147533,1.73158198507736,0.743424633826377,0.407468958937104
4.08827786175424,1.77460815217842,0.795000948551615,0.39465603106014
4.08999925922932,1.90531370548101,0.802968587690208,1.3944922499146
3.65254325652343,1.5368946415508,0.741072487789225,4.37710774968612
3.63406435418394,1.58528981212828,0.734911116772223,0.228461362430867
4.09763430352327,1.72410686218975,0.780093690218887,2.53385206685873
3.5492617000564,2.18396424013457,0.803239424571314,0.563891169809574
4.05957580807759,2.05161814371032,0.800500741093467,0.869857982053555
4.01478649721774,2.18448219643915,0.829241552239273,1.14961294904624
3.63011516575081,1.4386324052811,0.744241508413958,0.623286528715897
3.13048746865698,1.75445456797407,0.835503671451401,1.56677169855413
3.11698180223972,1.84030206648087,0.843123366492822,0.638255082679137
4.10651927876674,1.63119862718444,0.770834403920185,0.385719902024608
3.54752280807735,2.32504458885321,0.846798421624825,0.564447909894124
3.13099674499243,1.61140408411272,0.827352874371703,0.402400442463696
4.12954036459391,1.5839458441226,0.765461430773324,2.59255484290827
3.12058132353041,2.04751418222236,0.847420655041418,0.783319927560627
3.11624937227672,1.56685509177677,0.821878657089007,2.48508673071407
3.64948007366623,1.38220045307672,0.721354002895078,1.60439854533711
4.13824532216029,1.47605005802706,0.769550721723594,0.470413672058163
3.14608711396157,2.2131048507281,0.863788164744088,2.03355759351809
4.46207671422064,1.95422544062066,0.91615560463847,5.34484001986931
4.46130354988715,1.99842919353205,0.898185109100118,0.187096338951685
4.44484635829216,2.15625077931218,0.924063412197383,1.13954784686263
3.12509504772343,1.44348013205162,0.803569662587708,0.462880116448888
3.64138887312565,1.28250652488733,0.716032516055889,0.786384298327321
4.14593373814435,1.39621729366354,0.753451161581252,2.12578855462423
4.49986726020766,1.83019366452074,0.891691937550182,0.240997049825867
3.50171742504848,2.46386978451555,0.852599364337828,1.8378098300827
3.12635984531386,1.36549736012677,0.806223537135761,2.16038659787717
3.68175943642011,1.18604498556173,0.734859714841443,0.868183381933122
-1.74641279329675,1.68694879197207,0.910195382669862,0.70695558072502
3.14449750790993,2.35493008181384,0.86166883430312,0.48245954352004
4.40931217090031,2.3002998267263,0.908539622624964,0.877541037660832
2.80799690947184,1.79598099415762,0.943480322296919,1.39940336884143
4.16733185794444,1.29657056601996,0.753921610305169,0.462354214367021
2.84099916827993,2.06277225335429,0.928170684542984,1.27661759239823
3.48452526248379,2.53056719087972,0.859361825916757,0.544125939273599
3.93514780865878,2.55827847840905,0.884553576422585,2.20773246008595
3.12284917782614,1.24725690137258,0.812121144040934,0.576471561021873
2.78355456610077,1.65462793266518,0.963488491036266,0.604810564711807
4.17860846709324,1.25312762724854,0.754513486082329,2.16284391690694
-1.71474085443464,1.61233006970185,0.903286026956606,1.41451602797229
4.36371834160225,2.45402226438404,0.919701859699608,0.785373147962019
3.69335596099318,1.07196652016804,0.731199147345446,0.450569245922958
2.76618340404278,1.59993658685711,0.970000434872474,1.273077531231
4.18876539958556,1.1753207014581,0.773528680200764,0.346827377557214
-1.70839415998872,1.52076789561948,0.907105072533271,0.554886201352647
3.12407063955708,1.16741910009268,0.804784568016561,1.04466082480584
2.75468721801485,1.55138056385105,0.970214468848647,0.785498114190304
2.85775732715885,2.34023018896113,0.925558340977964,1.82482077732242
3.13487888937309,1.10671004690892,0.810171582476618,0.957248492768799
3.71966270543476,0.997903402050171,0.732825652653656,2.21941468275664
4.2003279992365,1.1269892320469,0.757490901492723,2.88327872800363
-1.69105952313199,1.45467067502691,0.892667133283966,1.80217132370979
2.75236664167417,1.44686907595799,0.951606327180397,0.548816083955329
2.88291875797756,2.45985776229576,0.915114505070274,0.547999021288717
-1.50827735372152,2.08426060887242,1.02616344625978,0.946968236288738
2.74465183881708,1.3774106424744,0.964028627524057,1.2971179639098
3.71189767023992,0.914758633493316,0.746425482143253,0.911967744773564
4.22545432201002,1.0434917437542,0.771601264467068,0.568951531802953
-1.67424086538643,1.37571611461226,0.886102573884821,0.342836938590208
-1.46964736969934,1.94929020785044,1.04592540730446,0.867529539773896
3.8049583926383,2.74524369474926,0.911343771928735,0.585029375957247
-1.51124608285083,2.20998128312742,1.01415545017783,1.25937087953436
-1.57180700699337,2.34066770003762,0.984646304363822,0.794047263003047
4.22421231699003,1.00402052259345,0.772617564417975,1.75761896067156
-1.66856236937582,1.34289950988642,0.877807031164862,2.91683855337215
-1.45257684469473,1.81316010408841,1.0541211931161,2.5030848555868
-1.45228971976667,1.84965982677711,1.04902063373089,0.399507031400886
3.14926205976985,0.95751647634656,0.803511402764908,0.536761438339531
2.7279551213932,1.30923840776754,0.960190803603683,0.658897946063746
2.57257237418043,2.04370225471879,1.02177135941369,1.94178943063394
2.58680930189143,2.11787838067018,1.00497397325519,0.514988898499427
-1.43756314961836,1.74178848618136,1.06223720688032,0.385761622909854
-1.64232768556435,2.54068812617266,0.963145926251656,1.27328009952329
2.72708410189228,1.2673490173943,0.952969141913988,1.51768571441753
4.2526936356398,0.943658787179508,0.779288125176163,0.384110240566756
2.53338914439537,1.83702434671025,1.07415320404615,0.567023364104548
-1.64347200194702,1.26073343622345,0.890197942457383,0.146179649548502
2.60935150315331,2.30642307450373,0.980218651605176,1.67141926431745
-1.43320067138274,1.66360449532457,1.05618818164064,0.443917480732604
3.16580875231785,0.878495944755375,0.806589297080304,1.86302503975229
3.71178016266555,0.778467678597655,0.766275241787068,0.772971433766206
-1.63712665458829,1.22733275232712,0.885437416861496,6.84089750583377
2.6752062696438,2.51125125899807,0.96295904144276,2.44758539244806
2.73566295005634,1.16370671149405,0.941860582486194,0.58292317563782
4.28224724356012,0.876545991818796,0.797206042119457,1.57204737712576
2.5015542502496,1.72380485551876,1.096654834504,0.794613035369741
-1.40216391680037,1.6037495771151,1.06898746167058,0.341741090656564
3.20215996972725,0.792278335480379,0.814838357446908,0.773223012945156
2.48600011862558,1.65448793714042,1.12240641518122,1.2584741949705
-1.63109404998417,1.1604186888211,0.868083489675809,0.311082121109223
-1.39089371071757,1.57427274445058,1.06694250573956,2.92619186671046
2.75174459231964,1.05884221296873,0.930353997379752,1.71549192379566
3.11916225672817,1.0344641530189,0.618629536252308,4.47789482894503
-1.39177700587584,1.51463326659304,1.05064521866433,0.234509733889034
3.80159610735255,0.659841026896649,0.790876432025819,0.62974595630603
2.46714320437434,1.57046734695989,1.12557370621313,0.518949913075406
4.31749589047372,0.799167567543078,0.801016980725375,0.636113144266902
-1.61102935838259,1.08195379329254,0.883009009628649,0.65707668992289
2.45827746837305,2.31941212025768,1.02008896997134,0.598293929804838
-1.29335728763351,2.23487339510153,1.08349953030306,1.5536031038496
-1.33328485348754,2.40659290714388,1.03526114210518,0.374143202601395
2.47002191982275,1.51408087678059,1.09968020918864,1.92696823875312
2.40227783503147,2.0753395645226,1.08739844060091,1.84624126434129
-1.37949229857957,1.43272566371541,1.03828527795237,0.783860846231903
2.73572216691528,0.956035895677984,0.935679465144416,0.581888678739632
3.18339679055599,0.6812654511136,0.825940983973734,0.920053726818875
-1.23870237231958,2.06650998767455,1.13600387348031,0.83927718958379
3.85111283462216,0.582713040432034,0.80600851903876,1.58794191528567
2.45717847969026,1.42775655703737,1.09553946666464,0.698245764377721
4.35531125460437,0.71074250518034,0.828084724107279,0.575434427753801
-1.58598666961675,0.989423365405852,0.881436169294797,0.881828151397144
2.36458243684974,1.88803283125299,1.14572157315408,1.52257420355873
2.36306498608606,1.93598936584172,1.13169150136183,0.656782439675311
-1.36045337901843,1.38767648646637,1.02000654619611,1.27573663719409
2.52023812480979,2.69000646912335,0.946570160472486,0.857519386412498
-1.22400015860865,1.97510436559543,1.1521801453289,1.1915014638917
2.45087962625861,1.35624511811241,1.1244256262422,1.36685970024451
-1.35615764415398,1.33109191743185,1.0239897548959,0.379052125229086
-1.21398926533964,1.86971620889451,1.17356683468562,0.400235524962956
-1.57818350829327,0.912039605368013,0.886221943544302,1.57123571108682
-1.3546899483296,1.29715140349891,0.999201566641473,2.63815959189158
-1.21156567811912,1.76977128925059,1.1751183608784,0.416369999978864
-1.20476828321071,1.83494184027045,1.16368071949594,2.4985288352216
2.72538147707505,0.824261878082161,0.926019778027468,1.61565314918994
3.20168182583989,0.563804762483718,0.840699576434853,1.31586639257322
2.45064077617772,1.27303351206627,1.08026005323602,0.731603982340776
3.83046841114425,0.498527328094756,0.83921759607951,0.616258038214536
4.38463172519416,0.636027720736996,0.834251558031844,1.81786007102716
2.33419511470647,1.69038554042612,1.19662921991925,0.731272062757654
2.32773175381632,1.76510336253286,1.16867130686819,0.413665974689443
-1.35016021831341,1.24014586793003,1.00843405500757,0.626712538444525
-1.17682757972714,2.5100252805019,1.04068814475786,0.453290055949729
2.32504473478511,1.66458887721888,1.18789034967854,1.36748010887899
-1.55978738427828,0.846751171318979,0.899123478482642,0.636441746419004
-1.19457765636548,1.67066088009782,1.18617714261326,0.311156461746545
-1.14228230665415,2.44199701686249,1.05804391187976,2.20609295720112
4.42878735843136,0.590283271926782,0.858952012273274,0.844076002943598
2.25814957627751,2.39703638957262,1.0275760305367,0.351010783076075
-1.42135179859681,3.02620398316534,0.975595790408152,0.735080116378436
3.21766555671315,0.476119871377033,0.870791007761054,0.77487607887291
2.43315842312441,1.1609415684708,1.06989897982474,0.915829331175968
3.86398534953473,0.430153727979222,0.858454473702106,1.62269688667635
2.30674130876677,1.59369182415724,1.19364582884165,0.620275132161619
-1.32504130976915,1.1447313089946,0.997793368068802,0.797112068855679
2.23272316647697,2.30086207590643,1.06029213762554,2.84891532743388
-1.1719404443995,1.6397376436246,1.1720179891475,3.21381723646979
-1.08801272041654,2.30977355340414,1.11942232229959,1.0825301355145
2.70883015781882,0.698791952079913,0.924455619053135,0.759987495964312
-1.53277705247071,0.761889175093397,0.898045639601088,2.09076548982486
-1.16774460116809,1.57772817427214,1.17425732049457,0.851694378789327
4.48881838125592,0.531003003552772,0.871881912659313,1.18472743747321
-1.31322230299853,1.06788500436092,0.987848110061754,1.1601253685381
2.20040954733378,2.17047145919746,1.09226559222228,0.232069333717232
-1.15749176522837,1.55091832830956,1.17581947251578,1.17413009279395
2.1388983594235,2.72338520019212,1.00961264081352,0.690460758321258
2.08412799575211,2.91703802673924,1.01798684242055,0.675005417597038
-0.984938602891937,2.8749024706038,0.99442205076372,0.562916801780137
-1.05675610109,2.1895899042553,1.15886523845191,0.646406030366779
2.41154195291753,1.06461653593437,1.05162746696533,1.09190650043492
3.23001735814116,0.400962686298587,0.887118897126709,1.79186237886484
3.97432689174914,0.371104323003352,0.883187561613383,0.617445074958854
2.19231748013375,2.0487841003896,1.14449810487224,0.42442653691854
-1.15623745088245,1.48786084973403,1.16281836518467,0.400264589951877
-0.983509957648284,2.63287247726279,1.02544207446315,0.192255581328952
2.7102088010251,0.590364889468725,0.933791641879389,1.20788131071898
2.28287500532412,1.41749137049346,1.1845639008393,0.589978535415271
-1.75966729408277,0.482934312406611,0.902874901606977,0.602965099302827
-1.47294331187749,0.706059903021486,0.917644426195523,0.439371463143862
-1.3001679852194,0.990020644266476,0.983945835216488,0.861975806339035
-1.03241638282026,2.09558195280911,1.18762846368316,1.54701527062269
3.23389181609986,0.352265795816985,0.909788267668864,0.55807857332967
2.27722252088969,1.37610356244866,1.17657975729875,1.69497691860285
-1.13966805483143,1.42289831551171,1.15352124209589,0.333790665542889
-1.13125304965191,1.46355711377294,1.15459567699223,2.49834740595022
-1.03028153969399,1.99931353987498,1.21046515192405,0.388181883406615
2.3891789221769,0.957983713741638,1.049573145562,0.613267367767596
4.07583143348287,0.31547532770503,0.916425050785224,1.15868396164758
-1.45343787242468,0.642869200444044,0.932574869157813,0.600347958693763
-1.14081039187082,1.35356181802121,1.12884267892089,0.27568822041433
2.02396928739711,2.58421858822147,1.03874021636508,1.10046381130397
1.91075595550311,2.79570769485188,1.03345864959628,1.68012464128579
-0.30593715120803,3.01299258624996,1.00832635460813,0.550560395855103
-0.923859361906895,2.47588157322601,1.07398163821846,2.76202914535679
2.70767343191959,0.489882405078172,0.944503421594308,1.12064722753711
2.25809045993929,1.3243218133717,1.16946423224371,1.67289158383004
-1.68490312706126,0.428510664990852,0.932414349110514,1.02431528832249
-1.27117286595103,0.895647141448352,0.967440810497891,1.25923896530335
-1.13469452419634,1.31478887584728,1.10767861067514,3.62728591920651
-1.01045655559324,1.92836643486343,1.22972430322111,2.57611197932314
2.37166755722369,0.894401346959365,1.03108174692435,1.63061015889396
3.25355468515328,0.283368279805426,0.933985397774362,0.961012399551976
-1.12996672529871,1.26581391333363,1.09214409649722,0.530916451426822
-1.00763828366188,1.85907537554549,1.24237368890736,0.601161976714293
2.37173083022696,0.836063657980536,1.03196890984859,0.869779316836848
4.16615608098677,0.262898158714084,0.94690981500652,0.863048107249242
2.24749796395928,1.23246648514816,1.15622600139599,1.62930370919076
2.23827104807732,1.27215673314256,1.16592887871258,0.613759113392479
-1.3899273740583,0.588173655008804,0.949509776422257,2.20128429884609
-1.24861975720019,0.828575648162131,0.981010521334419,0.898353154143195
2.13354449054488,1.80847591716714,1.20262671036161,1.41047780969535
1.96747338871607,2.49705660967915,1.04074728292198,0.908707755519075
-1.00186736573741,1.81145330939516,1.24276147077081,1.66344519236828
-0.372845866340003,2.91702659258491,1.0091007254929,0.688516117855039
-0.744899253025497,2.67073682302572,1.02805868087671,0.336607721752898
2.68069242478951,0.407124110681587,0.953837972197032,0.892341475022199
3.30364481100026,0.236214398972681,0.955107529487449,1.21424373090023
-1.5938716810367,0.382465541061454,0.955358550634887,0.976261910175806
-1.11373747451889,1.18977781668009,1.06759804126946,0.240748706106514
2.05312550014951,2.13332215461493,1.10553420030145,2.46649335628297
2.03120293940082,2.22445523757267,1.0733153314734,0.310620527765181
-0.742570721194989,2.61967787125814,1.0332234431759,2.97081717196641
-0.874444218236861,2.31171119201734,1.12928442387028,0.594982041769789
2.23040376782789,1.1643374943305,1.14170359924081,0.340499554185988
-1.35846257624351,0.534772972086921,0.962167404875617,0.454280258358358
-1.22371689495478,0.765583056521221,0.979627724398821,1.10589363556722
-1.11208056698803,1.12046590257816,1.05694554855212,0.303023695860999
-1.10413222906069,1.15484353751144,1.04914500718272,4.15370872048455
-0.986107552061943,1.74131675455102,1.25516679711326,0.475870565177898
1.76709012699468,2.70079284021852,1.03001641814102,0.595193937060947
-0.443605092609839,2.83193612239076,1.01657289211343,1.45239882417762
-0.867635541824422,2.26571073913321,1.13399442118623,1.68072299632015
2.69367553186775,0.333819919186171,0.982120220820919,1.2704069187028
2.35349351150491,0.702879033572175,1.00831124816754,0.827497169132726
3.3737377045963,0.191984707069379,0.978408607691297,0.823557885910277
2.10773820538231,1.70908028889802,1.21412605594854,0.615859006766157
-0.987972652593509,1.65634068896491,1.21616017799067,0.461349519167794
-0.97885837545398,1.70483208701508,1.2414246330714,2.10141175600168
-1.19537132754929,0.703034947566674,0.982443958020343,0.904246093691549
-1.09322686927156,1.03990016153807,1.04503485240276,0.824008575148306
1.38344085172709,2.84691398684077,0.986186554469582,0.282492923601587
2.19793458248527,1.07617101720721,1.11566570468419,1.80500481226359
-1.27946513992209,0.487351771227165,0.986185855622343,0.948438102131531
2.09242890711224,1.63576611859004,1.20877658967175,1.09259834575056
-1.09050453968749,0.96646265906036,1.03341008872719,1.20034644303989
1.97854727358095,2.129737899975,1.10660582088576,0.405433891582425
-0.974179518859529,1.57472822917853,1.20973209892196,0.539868646383624
-0.846310047269028,2.14629236356241,1.17288223741683,0.388715005307985
2.31831606191526,0.583828750315171,0.996698763443403,0.922225181314636
2.64235202542055,0.259552495117979,0.993361986478191,1.0510297835752
-1.08284571786651,0.909626954188348,1.0255043365189,0.833092817326544
1.86798972164028,2.36328088329395,1.03755391391384,0.685654836389215
-0.96555350452441,1.53943833570152,1.19243374409318,1.85230241966934
-0.841548462331761,2.10333841075978,1.18614563438083,2.57257884657085
-1.23007927637067,0.442920608173607,0.994996167565233,1.05436506373224
-1.13646232520899,0.634760997033049,0.998068746880276,0.933773015573684
2.07587022783431,1.56655615045994,1.19955655071847,0.702522048058989
-0.966353884702906,1.44319684725925,1.15386566233931,1.903096098609
-0.961619372036645,1.47721531185624,1.18084203902675,0.525459539710534
1.23438690033806,2.81510590612994,0.967179802392834,3.53991168079787
-0.382995217190389,2.71431876572078,1.00479442799308,0.53628422997019
-0.674770636441706,2.4392904046789,1.0699987707012,0.662890705581563
2.2988717128488,0.480501765869757,1.00165377994802,1.45890787631593
2.68021918884562,0.180045955054611,0.997062210350362,1.23889562814445
2.16488236471413,0.956270970169339,1.08000806229496,0.950178121883631
2.07049379831421,1.5190640075022,1.20783165308074,1.42344286953401
-1.05606778938505,0.833994629575604,1.02465363656954,0.351218785585955
-0.9605473147238,1.38710849050628,1.14706511589287,0.313115928506691
-0.679831378609959,2.38355539872557,1.06090219179991,1.508544306897
-1.55639055446694,0.147427617494565,1.00343147181147,1.04035470317021
-1.17912883182796,0.388901399991127,1.00711645497241,0.792456372022684
2.06694684504946,1.45361964244195,1.19758756584837,0.781420834231841
-1.09689473915078,0.57607489724616,1.00983885320188,0.978334827935528
-1.04547572116956,0.776548403520853,1.02474872038671,2.84722811261833
-0.95358652658104,1.32555221598315,1.1226214935168,1.51109826349648
1.83094007745478,2.29026069361556,1.04650747614908,1.45845977732205
1.61503479570346,2.57856344591982,0.997381547396574,0.991184869682017
0.38004722786007,2.84332270507354,0.97183878368578,0.522102881142238
-0.821269263611453,2.00306020493208,1.21448969800265,0.349749780554317
2.27178149707939,0.371527909682795,1.0083344424658,1.515539222232
4.1357506913717,0.0669150625398621,1.0022429973192,0.866443040770083
-1.08514923890425,0.505122678510497,1.00495342722278,1.40671024900786
1.93760360287848,1.96032306361973,1.12564508772912,0.879900391352975
-0.960537164176021,1.1528101811932,1.070282101546,3.10730977286999
-0.946112672113504,1.26152645843969,1.10266466514503,0.661770332318516
-0.815990700750619,1.96226539884412,1.2109787893893,2.85918692619365
2.49443426640312,0.122078904064796,1.00538500478927,1.12475415519353
2.12203672525435,0.827762804547593,1.05018701867388,0.258036434082133
-1.00653762626036,0.714531891059829,1.01831487647215,0.45243490908233
-0.94998341178672,1.10120028077748,1.06492933838292,0.347196703091845
-0.939995161168485,1.18685778178595,1.09171082649656,0.321821792191763
-0.823959042193133,1.8768657113148,1.22671717049061,0.257195756117063
0.283506188730761,2.79725541267375,0.958671174664736,1.91533131901559
2.2053149650869,0.292752982992779,1.01380104993964,1.54873425530886
2.10226859489929,0.782620436536952,1.03092622074577,3.87542171537567
-1.02728346264631,0.454034384522777,1.01523711880506,0.586382897953569
2.03124814690201,1.37708538723014,1.16128768660797,1.8458945247783
-0.94705347218396,0.976869674275912,1.04849838231527,0.734303285601538
-0.939373458006428,1.03024772971445,1.04934264644539,1.36183511582793
1.91718226412164,1.91854448908472,1.14319677310393,1.13649227779335
1.1063868799625,2.73475078541698,0.954374856629167,0.282469935180204
-0.81467351220925,1.8509748323564,1.22271793609382,3.88808903808213
2.15838893951727,0.202851172979797,1.00071275916408,1.05094810119696
-0.962961282829065,0.62961727267622,1.01219671036551,1.10223219046781
-0.933086878720943,0.900862659052893,1.03053588491857,2.01903304476676
-0.813159585505013,1.79418469591227,1.22253248919932,0.599970997752637
-0.34443388032522,2.56501250769037,0.995436489965029,0.9811780791621
-0.64617955473473,2.23962359170989,1.107234104326,0.618044587145961
2.06321760984948,0.643853076531972,1.01621953179812,0.787363286638934
2.06537704468879,0.144079620621746,1.00581957196849,0.889083179095201
2.00881307988579,1.30372086264271,1.14219603775593,0.918377714747795
-0.939522614677024,0.567128297921308,1.01447766226645,1.32831610683332
-0.916754934171424,0.844600066929562,1.027660397291,0.969011772764909
1.90731606939717,1.82810568697388,1.13984844821654,0.733732912619209
1.77245866448516,2.17364655148337,1.04520203289686,0.161567571766944
1.5492602652478,2.46288515600449,0.965764006918086,0.618066470316239
-0.811519063623108,1.72333685611309,1.20204173132101,0.293229690467937
-0.804097192804196,1.76803266130816,1.22128347126804,1.66674723235921
0.272996734293224,2.73500379712381,0.941273279233156,0.470413466172923
-0.643845722113729,2.20207074035739,1.11053294072906,1.61800624226458
2.03267965091228,0.491402608447689,1.0017291700462,0.685444239649473
1.9994836973878,1.23755396816369,1.12610768923601,1.08887659613411
-0.806490311593431,1.6676658826811,1.18911167478931,2.80608200885435
1.42924728371747,0.069938155962444,0.997789885387327,0.631466586426525
-0.849275264353015,0.389410993427105,0.996140448016821,0.852960420217471
-0.864391622119521,0.469447356143407,1.00314470988243,1.58240737526835
1.88224752207581,1.79145495503173,1.13120094790435,1.36289374893965
1.74324002206507,2.1427077505553,1.04458117206921,6.18936082942725
-0.80315711924382,1.55277858736885,1.12657532819999,1.95740539585969
-0.807966614879409,1.55817902365541,1.15885313901934,0.510880373639106
-0.802099600900065,1.59798618653691,1.16897169846883,0.422048848143176
1.94097255143539,0.389198866673355,1.01004421569702,0.889779426510318
1.89402718567263,0.300005759209021,0.998192855211015,1.02469431747944
1.82760299514606,0.219125502008815,1.00198571027294,1.42114617930729
1.97858198739438,1.1516871191126,1.13487994289605,1.40571870048372
-0.846545570998667,0.655147839758779,1.01557877633035,0.907249859555981
-0.802095120257809,1.4596696565462,1.11876105797701,2.20043359529516
-0.800686607279215,1.48897707642547,1.13662411882399,0.454455886393546
0.974249667175438,2.64763910631934,0.915885829165625,0.551369559777731
-0.637639586693955,2.09143929312208,1.12969862135199,0.242033964146611
-0.806265359584817,0.576339515193575,1.00567188211139,0.75283284969267
-0.820898254560437,0.727842465572435,1.01644050905701,0.72774881566914
1.87094942499158,1.67324751539701,1.10163493422409,1.80121576930924
1.87052015321996,1.71842293415525,1.14635812533834,0.555180571389011
-0.814220825544727,1.0415215846087,1.0279932454077,2.76428171858934
-0.812389709708475,1.1052313672142,1.04017627569003,0.424962871365678
-0.806602232609349,1.18506822555002,1.04813435547197,0.90413280056274
-0.804427889409131,1.2619078683129,1.07460197268031,0.856634368860626
-0.796399757211137,1.33882400787381,1.08353937140299,3.24366681017409
-0.792516997852803,1.39570911302094,1.10262021191663,0.308293070318874
-0.774905806114735,1.55652328737133,1.14731743320215,1.12473512465441
-0.627770582412327,2.06382247685081,1.12074979920491,4.13165153711341
-0.354165566808239,2.40934311952808,0.995088731469572,0.822055225862685
-0.724519300285727,0.430629753533054,0.993448609683661,1.25695237725116
1.66127189327407,0.848903257655194,0.608024305570997,1.8205304153152
-0.796267039861875,0.854986856837169,1.0144324394986,0.878247864804349
-0.797865319581929,0.988676356653358,1.03038221356168,0.814782404316872
1.70348083490754,2.07618523926485,1.02517157111284,0.475843072056362
0.186031910864551,2.61676965849596,0.930723179222683,1.40603345223695
-0.635076449207824,2.00373433248573,1.12932050281063,0.350361371064746
1.93033168609688,1.05012168338598,1.11623535304503,0.864226746538487
-0.046658240309894,0.148142260644518,0.98623619858785,0.868918101551972
1.85243002454326,1.61085334539348,1.10692964382792,1.06858268747052
-0.769666422387754,0.788231673617223,1.01193846724883,1.37410048421794
1.70059749963215,2.03875009785346,1.02971266497468,2.10153317075415
1.44195539673001,2.36753997426062,0.958721702865842,1.09855021756096
-0.354990615476524,2.34955791983696,1.00116481515417,1.21646328438649
1.90164115672888,0.904340974303445,1.07060841979205,0.788451807581668
1.86677966795635,0.771664240734861,0.998959689322045,0.349163503301098
-0.616493342730004,0.415983095195226,0.98341415970139,0.795575089477065
-0.667819767418573,0.494034372151472,0.991120015467955,0.928330888593505
0.887522082337999,2.57262948822288,0.899243858624627,1.81366559373194
-0.629908390716502,1.91531169627773,1.12606660279205,0.317449688419178
1.3888371498987,0.233692943545328,0.992542447493022,0.74421186105779
1.53663142130278,0.297315231004444,0.978771593990465,1.21457017352191
1.80424534459851,0.64813805023443,0.974060171568582,0.877963940567052
-0.6868720704854,0.652267473515059,0.992781730566525,1.47406912862174
-0.724178919602932,0.887026011762982,1.00831935117526,1.3002428345686
-0.729201180144078,0.926697208183741,1.01711733013885,0.769087106972434
-0.726712471340277,0.971976885445097,1.01001173025239,1.22732154585299
-0.625584639229991,1.87972222371758,1.13095871837423,3.150105470192
1.59297913450345,0.36821700430168,0.982950654381852,0.823336536496923
1.67632247578177,0.450432349303437,0.980134517169424,1.43904823229846
1.73205059878214,0.540917889736971,0.976876700770692,1.2136404254514
0.763746456739206,0.185925717435001,0.970554139122207,0.88681695425015
-0.110240709675779,0.233314883786968,0.977428560299804,1.15085644805178
1.80737656494241,1.47432838395785,1.04322034857968,0.993829430054225
-0.697993876346059,1.02797489516464,0.993768465987398,1.01301051916905
-0.691326274043863,1.07406199947148,0.9798060323861,0.987156580388008
1.39797725108715,2.30775189354197,0.947975311045126,0.910290657645342
-0.63512262519519,1.7943026568466,1.13274160739835,1.01951008946828
0.949228435679674,0.219112620618562,0.968120102013741,1.1276284189284
1.79312502549029,1.41204659412283,1.02759710940969,1.00620888228822
-0.666484714736473,1.12383433699732,0.974552631212593,0.821512140666416
-0.665640399972239,1.17142420099979,0.976707821686249,1.21726746386096
-0.656095196425832,1.25863564391412,0.967881408932876,1.62523860376258
-0.639201331697944,1.66793400290092,1.09517361950891,0.608093568198777
-0.629074415187597,1.73586359874762,1.11631317809793,0.980863269849099
0.159848419640278,2.49228807089777,0.910829813280048,1.02110516909487
-0.199585573920122,0.315989568442963,0.968389924448733,1.09145270392714
1.63131520719103,1.88774915728579,0.968811685858431,4.97662186512428
1.63338919667593,1.90803215931161,0.989635574061503,0.200939518231817
-0.635534966017846,1.34519461228853,0.985156220078777,0.400590320008077
-0.631327946512409,1.41079979989963,0.994155850802883,3.54887233209828
-0.641111238663466,1.44743038103836,1.03084666222145,0.281779648976199
-0.636024287048342,1.53383873907601,1.05554989385545,1.48245021064279
0.856893203965123,2.48711096939348,0.892892145254596,0.528107268125939
-0.35895515069542,2.18600281885214,1.00995387148773,3.15531401927687
-0.367891229710863,2.1995232320872,1.04409114652783,0.316925666951266
1.17628733927158,0.315047327317892,0.942856323094004,0.848864060897252
1.30896575914037,0.36335276695142,0.932558879899177,1.17804492623118
0.377107941087367,0.250133848083663,0.958817541065376,0.84381812163488
0.521526063437424,0.252819870504681,0.944124512596686,1.1850895049072
-0.628815170569326,1.57270520683886,1.10406617595404,0.674558911200396
1.37354024515809,0.43377760447324,0.922784113784708,0.848756433408523
1.45384321203362,0.497118353647592,0.912749350851489,1.17819430950773
1.53626480899862,0.603533004427785,0.894856423242207,1.33121150356247
0.697239217622393,0.287134726238335,0.92248178774767,0.923165085822223
-0.17679274062099,0.390750160430755,0.935304822328242,1.34253069463468
1.728146417322,1.23324138527422,0.972649342196712,1.79665730420315
1.32664091009431,2.19395749910111,0.884751524384606,0.191868685362981
0.118566556717426,2.38483500999798,0.875605223967798,0.221186288561176
0.874578065615923,0.33026512475243,0.909802580909867,1.05810069113178
0.976197847127966,0.357063536814781,0.891739862934044,0.945089638804001
0.257960974928132,0.320278962531228,0.925350978209211,0.727917532248827
0.417832086945425,0.325647671505561,0.895251984896773,1.3737819954832
0.0135326891615828,0.375053816053093,0.909242964170732,0.744861926804671
1.7055901585162,1.15646639274295,0.966384223692383,0.556589171268539
-0.514853181280493,1.17120926859942,0.870584698544402,0.940615935185995
1.30040168933425,2.16963229610572,0.869551841863408,5.21189790876078
0.785345394799928,2.38730744482552,0.828726303297797,0.783429000049211
0.119788039067791,2.34227053187143,0.853193229884394,4.52107590621929
-0.378965468206773,2.01146638439097,0.977993957396729,1.84361639134924
-0.361800817952398,2.05601856768063,0.993128985669757,0.542412187639619
1.58228644502742,0.766158742319966,0.920240608974517,0.890932285661421
1.09310526591291,0.420766167832031,0.877698992527327,0.800954284078603
1.1868489611187,0.473951095897103,0.855025362975092,1.96763317939728
0.645785709882119,0.358879855860286,0.874903504064758,0.75453174232539
1.67635276527247,1.0696205164524,0.959336604009278,1.35877589167188
0.25776949875783,0.371850913401376,0.882641533105781,0.839165241983264
1.57217631641078,1.72934094422749,0.921285020616802,0.54569031800275
-0.477293507558701,1.26500465581877,0.854401488988839,0.443424314404375
1.27849539424145,2.10728948082695,0.827330380097464,0.237086475276831
-0.455453650309437,1.68928195907338,0.922438419043414,2.97979900627713
1.65132705167535,0.983215143968805,0.970709287962284,0.518996156223033
1.23628539449619,0.553637608395083,0.835672607207365,0.59431032554425
0.836588475034653,0.415188191164889,0.852263959121443,1.7064317210133
0.475806809035418,0.400903631403141,0.850443231642862,1.4950212151425
1.54097723034693,1.56693610952485,0.849232522604425,1.46109620583561
1.54317544392999,1.60838788643238,0.864536738693224,0.684417628357396
1.54874876294782,1.67555234061879,0.896670324143464,1.83254121799346
-0.202662967053933,1.41031790571352,0.643645532013247,0.673673210826272
-0.470380763576401,1.35998737576374,0.885503830125932,1.44917585826337
1.25407584174355,2.05911054138604,0.801749740697044,4.21787028902581
-0.431770753623882,1.73038910021274,0.940300456259563,0.335593104734057
0.74731468203144,2.31169413598539,0.794081410943823,0.527122003451073
-0.409485447285486,1.81118344077387,0.950460996705848,2.61942998441483
-0.414370974405694,1.84724254882142,0.98091801065755,0.381762446772708
0.0770553856984119,2.24396890282577,0.829152209746934,0.867673799134069
-0.388264200852537,1.94129455522077,1.0084201225098,0.605885698460825
1.2403896601142,0.623760454074278,0.813783120970318,1.68262262494638
0.906132771509461,0.484050338096912,0.818648993958816,1.67527483699028
0.612354686257085,0.461813245844914,0.807375041720601,0.596916982169059
1.4756400065202,1.40832169481835,0.777637360278101,2.17312509677275
1.50222866175907,1.47837268747692,0.814311728868039,0.460166789976827
-0.0601326527534868,0.936427517714062,0.646895393324886,2.14811900987641
-0.120817016615142,1.05910192834054,0.644801058906159,0.465523555912079
1.23240033297158,1.97410272490716,0.760784594836525,0.346989578771324
-0.175073192996067,1.54664566830254,0.664981050236872,2.01118031726288
0.469703766781685,1.87850809458141,0.553552505786772,1.76124340958984
-0.453804699090986,1.43353559153324,0.906238480459519,0.543947881028312
0.495614310977006,1.93533525393154,0.570598899331887,0.567780690934071
-0.440762284899823,1.50165089887075,0.902763520719177,3.14272912440091
-0.151658899655673,1.68366520469315,0.678193925909627,3.42262080305869
-0.43972683553058,1.54201989709513,0.912059084803957,0.318194779255952
-0.435642763188171,1.63096881428896,0.936031325258109,0.47571292186814
0.70177428612564,2.27561814460789,0.779157798565793,1.89709401894246
-0.0574142441930328,1.99578575425612,0.744464648630409,0.511561463669593
-0.0357592253918552,2.03995913139357,0.757997831816328,1.95479931742059
0.0652710522239925,2.1967302102088,0.820143219868913,1.15250685337968
1.29020332815424,0.732408369569886,0.800696714775807,0.601446790006343
0.962310662602641,0.578515557877783,0.774896858634731,0.596813411412483
0.699173973628675,0.529527514928732,0.773474229194713,1.67556556350383
0.758513987564564,0.590284433973012,0.729764420262866,1.56814762341526
1.3855446721115,0.990417379249525,0.760917559940383,0.26502030191038
1.40835428974222,1.10264367935318,0.755137095876888,4.22819659009823
1.42367936725436,1.16452051043579,0.759180828087161,0.236507451508249
0.50630811335179,0.720640815439704,0.640442178181479,0.629162731202501
1.4397267848392,1.30269146486338,0.766251088674823,0.904027645257279
0.952271699993652,0.957418365108603,0.591799899511798,0.559503054665594
0.415715145633352,0.808131718245901,0.606308495339795,1.58941391536134
0.94972977465266,1.11158901668233,0.560008293960214,2.82411389073732
0.356748063511913,0.913861940212645,0.575681120992296,0.193993075890259
0.323760710220262,1.01974822350575,0.553067312311659,3.4865756070952
0.283572848361407,1.0608142231008,0.550375504637793,0.28681437395621
0.965486252539166,1.36786235470008,0.544460783563149,3.01845350740828
0.983473704805528,1.41680224504122,0.549165263644083,0.331295478809155
0.254585622432068,1.17649594297505,0.538010813325003,3.87005925619598
0.999137290866362,1.53930027151302,0.560488664447213,2.10166614127872
0.28391447084111,1.24095658834714,0.527688136376078,0.258393976371033
1.06520493933938,1.62665136761985,0.590878444484666,0.475812965893607
-0.152924274586096,1.20362552287408,0.664364241232032,0.683361695126844
0.297264651573767,1.35941088118224,0.52086513298702,1.65125654504365
1.09260952263396,1.73926188695742,0.623404167581312,0.433475951905411
0.303743932230763,1.41939135364162,0.520270422728747,0.605599416396903
1.15006918026014,1.776967420707,0.657601113336679,5.54451924048591
1.14760441995011,1.82020316884522,0.67023728243381,0.18035828836124
-0.171252013871391,1.3280305856183,0.669396681810598,0.207177448750741
0.357519922742111,1.53768941097112,0.519703801729593,4.7038719842749
0.406599680473669,1.61579368974748,0.522935923654403,0.212590819508484
1.18240312049841,1.91139384046966,0.724230422767614,2.88193093158866
-0.157895027816954,1.40501870367295,0.663909916906225,1.48439923679536
-0.161176612605948,1.46094017068892,0.669746901004296,0.208166203979861
0.42364341114968,1.80028628631433,0.554934300583032,0.607782148770375
-0.162365016736311,1.59888708327095,0.689820391878891,0.497220458760729
0.54398083683092,2.02433295682955,0.6259810097436,1.15751790716877
-0.12659011720819,1.73791278273706,0.702017503295466,0.292173763189404
0.549810566859679,2.08817021555668,0.658369123310377,0.863917520244632
-0.0868941768460244,1.82505507179209,0.707840071972189,3.35159984117619
0.595366560595151,2.16665320198035,0.70769035890319,1.6316247237091
-0.0839982456342857,1.90780007862303,0.740897879704548,0.611448355017482
0.0408392018139479,2.08748242108759,0.774064966599243,0.280290435981903
1.31275492250579,0.866450797932908,0.77886965934468,1.87552824773767
0.963774807459874,0.697372692009414,0.72025747788201,1.35210656313729
0.649828953171745,0.6673964557125,0.693402819175549,0.714539391357978
0.981519318321135,0.818603406702406,0.665507062098588,1.04696191715209
0.952944274762254,1.22392686906535,0.566547758837154,0.354093368287962
-1.11098837519113,0.208724089012771,0.99966583041195,0.961210630329022
-0.816551114477712,0.299808663552141,0.987599769646679,0.526538756428514
